{
  "users": [
    {
      "id": "2",
      "firstName": "Emily2",
      "lastName": "Johnson",
      "age": 28,
      "gender": "female",
      "email": "emily.johnson@x.dummyjson.com",
      "amount": 0
    },
    {
      "id": "2050",
      "firstName": "kiran",
      "lastName": "test",
      "age": "19",
      "gender": "Male",
      "email": "kiran@test.com",
      "amount": 0
    },
    {
      "id": "d101",
      "firstName": "Kiran",
      "lastName": "tes1",
      "age": "12",
      "gender": "Male",
      "email": "Kima@gmail.com",
      "amount": 0
    },
    {
      "id": "6ec2",
      "firstName": "Kiran",
      "lastName": "Tunugutla",
      "age": "25",
      "gender": "Male",
      "email": "kirantunuguntla@gmail.com",
      "amount": 24865
    },
    {
      "id": "4886",
      "firstName": "user",
      "lastName": "lastname",
      "age": "25",
      "gender": "Male",
      "email": "user@gmail.com",
      "amount": 18766
    }
  ]
}